{
  "tickets": [
    {
      "id": 1,
      "requestBy": "kiran",
      "subject": "Display Issue",
      "assignee": "sonal",
      "priority": "low",
      "status": "open",
      "createDate": "2022-04-11",
      "dueDate": "2022-04-30"
    },
    {
      "id": 2,
      "requestBy": "sheetal",
      "subject": "Ram Issue",
      "assignee": "Anjali",
      "priority": "High",
      "status": "pending",
      "createDate": "2022-05-02",
      "dueDate": "2022-04-13"
    },
    {
      "id": 3,
      "requestBy": "Pinki",
      "subject": "pc heating Issue",
      "assignee": "Bhoomi",
      "priority": "low",
      "status": "open",
      "createDate": "2022-05-11",
      "dueDate": "2022-05-25"
    },
    {
      "id": 4,
      "requestBy": "hiral",
      "subject": "keyboard Issue",
      "assignee": "Kevang",
      "priority": "medium",
      "status": "open",
      "createDate": "2022-05-25",
      "dueDate": "2022-04-29"
    },
    {
      "id": 5,
      "requestBy": "Jose D",
      "subject": "support for theme",
      "assignee": "sheetal",
      "priority": "Low",
      "status": "open",
      "createDate": "2022-05-18",
      "dueDate": "2022-05-09"
    }
  ]
}